Id,Net_demand
1,40765.3442277838
2,36194.7409252329
3,33626.1142598642
4,39323.6597499014
5,40788.2787964129
6,40309.1869375585
7,38581.5718715609
8,35649.8337464141
9,32478.9218063776
10,33116.9853722956
11,39736.6346646318
12,40479.8230600596
13,41424.194475664
14,40809.0031924933
15,38020.7557939363
16,32966.6606848183
17,31852.73076659
18,39112.2996007249
19,40995.747762412
20,41014.6813637333
21,41254.2320113617
22,40910.0821728945
23,36940.6137099623
24,34781.4562799336
25,37559.3327132494
26,36814.9130599273
27,39909.8533765315
28,43529.8491528652
29,42111.8903977873
30,31797.1529652961
31,32192.4233700747
32,40534.3391463438
33,42744.0860249136
34,37770.6698302783
35,41087.8415438975
36,41024.5673594714
37,37269.8108224751
38,35455.4349161302
39,40093.1946356981
40,42760.2504379594
41,42801.9964979019
42,42137.4621116818
43,40256.1288414697
44,33376.5727691495
45,31904.5905012292
46,39455.8690136318
47,41338.4055485256
48,38110.3057267078
49,39302.9026509657
50,37278.5291079883
51,33929.3820486795
52,29752.2293779554
53,34293.30131278
54,37306.1603453461
55,38947.247091756
56,38015.8081290428
57,37498.0441235797
58,33436.7585225079
59,32753.7519360146
60,35630.7790673722
61,30866.4911869478
62,36462.739301263
63,37035.8423661857
64,40467.3370459837
65,39453.3776567303
66,38306.7545119671
67,40141.0929009712
68,39252.8731962654
69,41766.2562069684
70,46740.923007938
71,41027.2849421361
72,39997.1124066774
73,40427.5176302515
74,46179.7127373373
75,45362.43407789
76,44427.8315077439
77,41236.3486141776
78,45306.0792954854
79,44116.5230676745
80,42425.606261143
81,47697.9944822626
82,49216.9829528706
83,47013.1950118174
84,48071.3353062051
85,50574.0198993853
86,48953.3773973477
87,45322.818308818
88,52079.9083160398
89,58736.7953293135
90,59527.1524635149
91,57225.5164279703
92,61705.2454082089
93,55696.2280304929
94,55916.7730538849
95,65502.4506381538
96,66534.1400196319
97,66883.3978048497
98,68353.5931786093
99,70594.7040555661
100,62694.3270129602
101,62558.0204594143
102,72905.6766311526
103,74169.5589695714
104,69809.8399980688
105,69028.4647822605
106,70893.8923776521
107,64502.4288456409
108,61014.9720514366
109,54275.0585506485
110,50349.3203475432
111,51153.3631419483
112,45239.6894079251
113,42988.5075500553
114,42767.8273280726
115,42944.8933588409
116,46680.351819467
117,51216.7867898263
118,46319.9539651351
119,44384.8248929346
120,41925.8248255193
121,35381.765870726
122,33164.2737820099
123,42292.1491047866
124,49318.8235728314
125,45191.2950470938
126,47731.9548592373
127,48184.5175268405
128,40037.1930637807
129,38443.1851599593
130,45992.5737033534
131,49029.7364667153
132,48183.871840866
133,46725.5881657406
134,45320.2090827815
135,40568.3586535217
136,40194.2150788152
137,47631.5574682271
138,63090.0688035294
139,66295.0130959639
140,66642.3671067688
141,66772.4627417012
142,60325.834401564
143,57831.0112121799
144,69420.3534079469
145,70959.1316538291
146,71142.8658480385
147,70801.8538125475
148,67998.6700665388
149,63375.9326937308
150,62248.0270763118
151,67122.6590439267
152,64600.0993280764
153,60809.0080937364
154,57396.6651191196
155,56429.1164565335
156,51002.1683764609
157,48472.2815385639
158,57477.3370159188
159,61418.7247478919
160,63531.9454610131
161,65307.4709948583
162,65611.1546187918
163,57056.0828998073
164,53081.011418275
165,57749.9646186468
166,60611.3538606552
167,59352.397802513
168,56446.5371094858
169,48733.7745768443
170,42917.9024947336
171,43178.3507490179
172,51642.475981409
173,55096.6223953078
174,55376.632051264
175,55921.4918259697
176,55240.6666506356
177,48544.0170233557
178,46851.5058527163
179,53268.7043569619
180,60346.7755452124
181,62881.6398089401
182,60082.2232002442
183,58516.9751769063
184,54053.517354056
185,51873.9619339462
186,56250.3358581031
187,57475.5597631314
188,50111.513938945
189,45398.880143008
190,43182.8508052889
191,45156.0029420746
192,39786.1164080879
193,40100.7497634392
194,40248.7310511162
195,48617.5526247256
196,47000.9482395918
197,43283.0525613307
198,40762.0904236476
199,39536.5962210266
200,47848.093181717
201,46507.7933345305
202,42063.3942808797
203,38818.0483539784
204,36731.3675061911
205,32520.802478351
206,33185.4778580077
207,45909.4027445051
208,47470.6315128777
209,44573.6767829335
210,38656.6777700225
211,34926.70266526
212,31632.6502843493
213,34538.1438981521
214,44411.0497882245
215,48208.1795500885
216,49637.9872164121
217,46922.2376089419
218,46509.3398574654
219,41140.6539886325
220,38933.5581548655
221,35944.7958065548
222,38278.9474732989
223,39428.7321548162
224,41951.512823527
225,43483.8943238321
226,39382.7399272871
227,39436.9350170336
228,43608.8684955481
229,42367.3285628382
230,40853.9753969887
231,41579.8927516161
232,44671.9090305112
233,38139.9377939952
234,33338.8733192226
235,39414.8442618856
236,45614.9623809396
237,46528.7749946074
238,43449.2293294759
239,38481.6309082999
240,34993.5485466833
241,34201.3670253604
242,33609.3809021573
243,36789.9904061244
244,35197.1984963831
245,35852.5704110702
246,35950.2644569408
247,35028.5613133113
248,32699.5886850387
249,33534.6284823449
250,36661.3539608415
251,37168.0254976196
252,39746.2214027858
253,38172.9851224789
254,33696.0235572477
255,32432.3767354283
256,37892.3619323568
257,37473.120022783
258,37446.1877681201
259,33661.1275964548
260,37015.8836438177
261,30371.681420494
262,30944.5733427019
263,38164.2181192429
264,36100.0841782242
265,36613.6357914768
266,35503.6399702674
267,35132.89687076
268,31101.1536592668
269,29652.575926232
270,30553.8705341278
271,35961.6207576081
272,35851.4460946833
273,36431.6887956243
274,35116.8688809287
275,30467.1030220153
276,29875.7983499414
277,37483.8968255111
278,37310.5961695047
279,37464.5755407388
280,37217.6853501245
281,37811.7480819497
282,34121.2369038528
283,31720.7952775273
284,38667.7605366433
285,38486.8423954361
286,38141.3512284924
287,38615.8602221048
288,39363.4859271197
289,35630.4871512726
290,32108.2725393128
291,39089.4941714882
292,39310.8765909361
293,40382.0356323712
294,38762.7515293724
295,38850.2922572934
296,33938.6217274293
297,31633.4963206427
298,38096.7297090502
299,39321.5031050332
300,39838.7591783049
301,39200.3677791705
302,36167.7207116275
303,29028.1534975813
304,29237.4978249307
305,37174.7044935583
306,38166.0179497891
307,36299.8706718233
308,38938.9199558754
309,38633.0316152659
310,34313.0874031676
311,32495.9130793279
312,38245.5512068211
313,39501.4099586723
314,39005.5520331097
315,39166.0231694199
316,32500.4778153848
317,29374.8576973953
318,30625.4796063798
319,37470.6182765383
320,40035.4994415757
321,38133.4709376106
322,39772.8267259308
323,37005.7692225039
324,32607.8245758057
325,30035.732771778
326,36109.1895554794
327,36029.279171039
328,36109.0936054444
329,35109.2426992131
330,35441.4954246262
331,30937.247605244
332,29106.9174640165
333,33811.647249427
334,32838.5181903482
335,31592.009349347
336,33413.3313206543
337,34690.5963924397
338,28268.8540324369
339,27889.1436614205
340,36668.0734523827
341,35184.8158440566
342,36203.1955629643
343,36267.6784198744
344,36648.2193490602
345,31315.2160961225
346,31983.3692155557
347,36484.5800975414
348,33034.3992293754
349,36098.9279427865
350,37463.5701123287
351,37026.4895588502
352,32873.5156776462
353,33130.0858806816
354,38244.9356180957
355,39998.9508447755
356,40807.4851701284
357,40539.3139994344
358,37349.0340594072
359,34118.357719166
360,30352.3963276106
361,35823.7005021166
362,37892.2130936448
363,36801.8891075276
364,36689.6020579988
365,36693.6377205484
366,33868.210399693
367,31336.2099290446
368,38373.0099881385
369,39976.6082335531
370,41341.1185886191
371,41935.1559665794
372,41538.5002335541
373,37231.0130656273
374,34433.2631993016
375,40316.0562213476
376,40981.4639502596
377,40746.5140616924
378,41404.2630597854
379,39719.2487848698
380,34421.4444125253
381,32125.9371789278
382,37016.8689796002
383,37459.971157094
384,36528.0036506194
385,38148.0490045004
386,36819.2799168645
387,33197.710207871
388,31422.4261041819
389,39009.1633201048
390,39382.4807388637
391,38501.3308732814
392,39582.1831752974
393,36414.8490938275
394,33593.7957561712
395,34017.0827341046
